{
  "format_version": "1.12",
  "minecraft:recipe_shaped": {
    "description": {
      "identifier": "pink_diamond_pickaxe_e551a168"
    },
    "tags": [
      "crafting_table"
    ],
    "pattern": [
      "AAA",
      " B ",
      " B "
    ],
    "key": {
      "A": {
        "item": "pa:pinkdiamond",
        "data": 0
      },
      "B": {
        "item": "minecraft:stick",
        "data": 0
      }
    },
    "result": {
      "item": "pa:pink_diamond_pickaxe",
      "count": 5
    }
  }
}